[{"model": "books.category", "pk": 4, "fields": {"name": "文学・評論"}}, {"model": "books.category", "pk": 5, "fields": {"name": "人文・思想"}}, {"model": "books.category", "pk": 6, "fields": {"name": "社会・政治"}}, {"model": "books.category", "pk": 7, "fields": {"name": "ノンフィクション"}}, {"model": "books.category", "pk": 8, "fields": {"name": "歴史・地理"}}, {"model": "books.category", "pk": 9, "fields": {"name": "ビジネス・経済"}}, {"model": "books.category", "pk": 10, "fields": {"name": "投資・金融・会社経営"}}, {"model": "books.category", "pk": 11, "fields": {"name": "科学・テクノロジー"}}, {"model": "books.category", "pk": 12, "fields": {"name": "医学・薬学・看護学・歯科学"}}, {"model": "books.category", "pk": 13, "fields": {"name": "コンピュータ・IT"}}, {"model": "books.category", "pk": 14, "fields": {"name": "アート・建築・デザイン"}}, {"model": "books.category", "pk": 15, "fields": {"name": "趣味・実用"}}, {"model": "books.category", "pk": 16, "fields": {"name": "スポーツ・アウトドア"}}, {"model": "books.category", "pk": 17, "fields": {"name": "資格・検定・就職"}}, {"model": "books.category", "pk": 18, "fields": {"name": "暮らし・健康・子育て"}}, {"model": "books.category", "pk": 19, "fields": {"name": "旅行ガイド・マップ"}}, {"model": "books.category", "pk": 20, "fields": {"name": "語学・辞事典・年鑑"}}, {"model": "books.category", "pk": 21, "fields": {"name": "教育・学参・受験"}}, {"model": "books.category", "pk": 22, "fields": {"name": "絵本・児童書"}}, {"model": "books.category", "pk": 23, "fields": {"name": "コミック・ラノベ・BL"}}, {"model": "books.category", "pk": 24, "fields": {"name": "タレント写真集"}}, {"model": "books.category", "pk": 25, "fields": {"name": "ゲーム攻略・ゲームブック"}}, {"model": "books.category", "pk": 26, "fields": {"name": "エンターテイメント"}}, {"model": "books.category", "pk": 27, "fields": {"name": "雑誌"}}, {"model": "books.category", "pk": 28, "fields": {"name": "楽譜・スコア・音楽書"}}, {"model": "books.category", "pk": 29, "fields": {"name": "古書"}}, {"model": "books.subcategory", "pk": 1, "fields": {"name": "ミステリー・サスペンス・ハードボイルド", "category": 4}}, {"model": "books.subcategory", "pk": 2, "fields": {"name": "文芸作品", "category": 4}}, {"model": "books.subcategory", "pk": 3, "fields": {"name": "歴史・時代小説", "category": 4}}, {"model": "books.subcategory", "pk": 4, "fields": {"name": "SF・ホラー・ファンタジー", "category": 4}}, {"model": "books.subcategory", "pk": 5, "fields": {"name": "評論・文学研究", "category": 4}}, {"model": "books.subcategory", "pk": 6, "fields": {"name": "エッセー・随筆", "category": 4}}, {"model": "books.subcategory", "pk": 7, "fields": {"name": "全集・選書", "category": 4}}, {"model": "books.subcategory", "pk": 8, "fields": {"name": "ロマンス", "category": 4}}, {"model": "books.subcategory", "pk": 9, "fields": {"name": "詩歌", "category": 4}}, {"model": "books.subcategory", "pk": 10, "fields": {"name": "経済・社会小説", "category": 4}}, {"model": "books.subcategory", "pk": 11, "fields": {"name": "古典", "category": 4}}, {"model": "books.subcategory", "pk": 12, "fields": {"name": "戯曲・シナリオ", "category": 4}}, {"model": "books.subcategory", "pk": 13, "fields": {"name": "伝承・神話", "category": 4}}, {"model": "books.subcategory", "pk": 14, "fields": {"name": "哲学・思想", "category": 5}}, {"model": "books.subcategory", "pk": 15, "fields": {"name": "心理学", "category": 5}}, {"model": "books.book", "pk": 15, "fields": {"title": "アルジャーノンに花束を", "author": "ダニエル・キイス", "description": "32歳になっても幼児なみの知能しかないチャーリイ・ゴードン。そんな彼に夢のような話が舞いこんだ。大学の先生が頭をよくしてくれるというのだ。これにとびついた彼は、白ネズミのアルジャーノンを競争相手に検査を受ける。やがて手術によりチャーリイの知能は向上していく…天才に変貌した青年が愛や憎しみ、喜びや孤独を通して知る人の心の真実とは?全世界が涙した不朽の名作。著者追悼の訳者あとがきを付した新版。", "thumbnail_image": "41AeCVTeKPL._SX339_BO1204203200__eHdoXvN.jpg", "sub_category": 4, "amazon_url": "https://www.amazon.co.jp/%E3%82%A2%E3%83%AB%E3%82%B8%E3%83%A3%E3%83%BC%E3%83%8E%E3%83%B3%E3%81%AB%E8%8A%B1%E6%9D%9F%E3%82%92%E3%80%94%E6%96%B0%E7%89%88%E3%80%95-%E3%83%8F%E3%83%A4%E3%82%AB%E3%83%AF%E6", "rakuten_url": null, "created_at": "2023-03-05T21:24:55.788Z", "update_at": "2023-03-05T21:24:55.788Z"}}, {"model": "books.tag", "pk": 1, "fields": {"name": "スカッとする", "created_at": "2023-01-22T13:35:55.559Z", "updated_at": "2023-01-22T13:35:55.559Z"}}, {"model": "books.tag", "pk": 2, "fields": {"name": "ためになる", "created_at": "2023-01-22T13:36:06.471Z", "updated_at": "2023-01-22T13:36:06.471Z"}}, {"model": "books.tag", "pk": 3, "fields": {"name": "長谷部　誠", "created_at": "2023-01-22T13:36:48.376Z", "updated_at": "2023-01-22T13:36:48.376Z"}}, {"model": "books.tag", "pk": 4, "fields": {"name": "日本代表", "created_at": "2023-01-22T13:37:01.293Z", "updated_at": "2023-01-22T13:37:01.293Z"}}, {"model": "books.tag", "pk": 5, "fields": {"name": "サッカー", "created_at": "2023-01-22T13:37:08.676Z", "updated_at": "2023-01-22T13:37:08.676Z"}}, {"model": "books.tag", "pk": 6, "fields": {"name": "ラグビー", "created_at": "2023-01-22T13:37:15.987Z", "updated_at": "2023-01-22T13:37:15.987Z"}}, {"model": "books.tag", "pk": 7, "fields": {"name": "半沢直樹", "created_at": "2023-01-22T13:37:33.373Z", "updated_at": "2023-01-22T13:37:33.373Z"}}, {"model": "books.tag", "pk": 8, "fields": {"name": "ビジネス", "created_at": "2023-01-28T23:31:50.836Z", "updated_at": "2023-01-28T23:31:50.836Z"}}, {"model": "books.tag", "pk": 9, "fields": {"name": "自己啓発", "created_at": "2023-01-28T23:32:02.713Z", "updated_at": "2023-01-28T23:32:02.713Z"}}, {"model": "books.tag", "pk": 10, "fields": {"name": "20代におすすめ", "created_at": "2023-01-28T23:32:17.858Z", "updated_at": "2023-01-28T23:32:17.858Z"}}, {"model": "books.tag", "pk": 11, "fields": {"name": "30代におすすめ", "created_at": "2023-01-28T23:32:30.201Z", "updated_at": "2023-01-28T23:32:30.202Z"}}, {"model": "books.tag", "pk": 12, "fields": {"name": "40代におすすめ", "created_at": "2023-01-28T23:32:50.200Z", "updated_at": "2023-01-28T23:32:50.200Z"}}, {"model": "books.tag", "pk": 13, "fields": {"name": "リーダー", "created_at": "2023-01-28T23:33:17.710Z", "updated_at": "2023-01-28T23:33:17.710Z"}}, {"model": "books.tag", "pk": 14, "fields": {"name": "勇気が出る", "created_at": "2023-01-31T22:29:11.926Z", "updated_at": "2023-01-31T22:29:11.926Z"}}, {"model": "books.tag", "pk": 15, "fields": {"name": "防災", "created_at": "2023-02-01T10:21:38.238Z", "updated_at": "2023-02-01T10:21:38.238Z"}}, {"model": "books.tag", "pk": 16, "fields": {"name": "防災", "created_at": "2023-02-01T10:39:18.550Z", "updated_at": "2023-02-01T10:39:18.550Z"}}, {"model": "books.tag", "pk": 17, "fields": {"name": "減災", "created_at": "2023-02-01T10:45:50.276Z", "updated_at": "2023-02-01T10:45:50.291Z"}}, {"model": "books.tag", "pk": 18, "fields": {"name": "減災", "created_at": "2023-02-01T10:46:04.276Z", "updated_at": "2023-02-01T10:46:04.276Z"}}, {"model": "books.tag", "pk": 19, "fields": {"name": "ライフハック", "created_at": "2023-02-01T10:46:39.151Z", "updated_at": "2023-02-01T10:46:39.168Z"}}, {"model": "books.tag", "pk": 20, "fields": {"name": "ライフハック", "created_at": "2023-02-01T10:46:55.024Z", "updated_at": "2023-02-01T10:46:55.024Z"}}, {"model": "books.tag", "pk": 21, "fields": {"name": "面白い", "created_at": "2023-02-01T20:17:35.923Z", "updated_at": "2023-02-01T20:17:35.950Z"}}, {"model": "books.tag", "pk": 22, "fields": {"name": "面白い", "created_at": "2023-02-01T20:17:47.554Z", "updated_at": "2023-02-01T20:17:47.554Z"}}, {"model": "books.tag", "pk": 23, "fields": {"name": "AI", "created_at": "2023-02-01T20:20:20.863Z", "updated_at": "2023-02-01T20:20:20.881Z"}}, {"model": "books.tag", "pk": 24, "fields": {"name": "勇気が出る", "created_at": "2023-02-01T20:30:13.526Z", "updated_at": "2023-02-01T20:30:13.526Z"}}, {"model": "books.tag", "pk": 25, "fields": {"name": "Django", "created_at": "2023-02-08T11:07:29.683Z", "updated_at": "2023-02-08T11:07:29.707Z"}}, {"model": "books.tag", "pk": 26, "fields": {"name": "ためになる", "created_at": "2023-02-08T21:03:06.559Z", "updated_at": "2023-02-08T21:03:06.559Z"}}, {"model": "books.tag", "pk": 27, "fields": {"name": "工学", "created_at": "2023-02-08T22:50:06.668Z", "updated_at": "2023-02-08T22:50:06.685Z"}}, {"model": "books.tag", "pk": 28, "fields": {"name": "お金", "created_at": "2023-02-09T12:28:19.288Z", "updated_at": "2023-02-09T12:28:19.309Z"}}, {"model": "books.tag", "pk": 29, "fields": {"name": "大学", "created_at": "2023-02-09T12:28:32.529Z", "updated_at": "2023-02-09T12:28:32.544Z"}}, {"model": "books.tag", "pk": 30, "fields": {"name": "旅行", "created_at": "2023-02-13T12:05:01.868Z", "updated_at": "2023-02-13T12:05:01.882Z"}}, {"model": "books.tag", "pk": 31, "fields": {"name": "感動", "created_at": "2023-02-14T10:06:33.850Z", "updated_at": "2023-02-14T10:06:33.867Z"}}, {"model": "books.tag", "pk": 32, "fields": {"name": "ネットワーク", "created_at": "2023-02-15T11:36:11.027Z", "updated_at": "2023-02-15T11:36:11.041Z"}}, {"model": "books.tag", "pk": 33, "fields": {"name": "貯金", "created_at": "2023-02-15T11:41:07.594Z", "updated_at": "2023-02-15T11:41:07.608Z"}}, {"model": "books.tag", "pk": 34, "fields": {"name": "ベンチャー", "created_at": "2023-02-15T11:45:24.857Z", "updated_at": "2023-02-15T11:45:24.870Z"}}, {"model": "books.tag", "pk": 35, "fields": {"name": "財産形成", "created_at": "2023-02-15T11:49:14.661Z", "updated_at": "2023-02-15T11:49:14.676Z"}}, {"model": "books.tag", "pk": 36, "fields": {"name": "Python", "created_at": "2023-02-15T11:49:50.788Z", "updated_at": "2023-02-15T11:49:50.802Z"}}, {"model": "books.tag", "pk": 37, "fields": {"name": "国立大学", "created_at": "2023-02-20T12:06:33.947Z", "updated_at": "2023-02-20T12:06:33.965Z"}}, {"model": "books.tag", "pk": 38, "fields": {"name": "ダニエル・キイス", "created_at": "2023-03-01T22:07:04.055Z", "updated_at": "2023-03-01T22:07:04.076Z"}}, {"model": "books.tag", "pk": 39, "fields": {"name": "デザイン", "created_at": "2023-03-02T12:13:14.900Z", "updated_at": "2023-03-02T12:13:14.926Z"}}]